,Title,Type,Episodes,Status,Start_Airing,End_Airing,Starting season,Broadcast time,Producers,Licensors,Studios,Sources,Genres,Duration,Rating,Score,Scored by,Members,Favorites,Description
0,Fullmetal Alchemist: Brotherhood,TV,64,Finished Airing,"Apr 5, 2009","Jul 4, 2010",Spring,Sundays at 17:00 (JST),"Aniplex,Square Enix,Mainichi Broadcasting System,Studio Moriken,Funimation,Aniplex of America",Funimation,Bones,Manga,"Action,Military,Adventure,Comedy,Drama,Magic,Fantasy,Shounen",24 min. per ep.,R - 17+ (violence & profanity),9.22,1,"1,909,954","160,245","""In order for something to be obtained, something of equal value must be lost.""Alchemy is bound by this Law of Equivalent Exchange—something the young brothers Edward and Alphonse Elric only realize after attempting human transmutation: the one forbidden act of alchemy. They pay a terrible price for their transgression—Edward loses his left leg, Alphonse his physical body. It is only by the desperate sacrifice of Edward's right arm that he is able to affix Alphonse's soul to a suit of armor. Devastated and alone, it is the hope that they would both eventually return to their original bodies that gives Edward the inspiration to obtain metal limbs called ""automail"" and become a state alchemist, the Fullmetal Alchemist.Three years of searching later, the brothers seek the Philosopher's Stone, a mythical relic that allows an alchemist to overcome the Law of Equivalent Exchange. Even with military allies Colonel Roy Mustang, Lieutenant Riza Hawkeye, and Lieutenant Colonel Maes Hughes on their side, the brothers find themselves caught up in a nationwide conspiracy that leads them not only to the true nature of the elusive Philosopher's Stone, but their country's murky history as well. In between finding a serial killer and racing against time, Edward and Alphonse must ask themselves if what they are doing will make them human again... or take away their humanity.[Written by MAL Rewrite]"
1,Steins;Gate,TV,24,Finished Airing,"Apr 6, 2011","Sep 14, 2011",Spring,Wednesdays at 02:05 (JST),"Frontier Works,Media Factory,Movic,AT-X,Kadokawa Pictures Japan,Nitroplus,Funimation",Funimation,White Fox,Visual novel,"Thriller,Sci-Fi",24 min. per ep.,PG-13 - Teens 13 or older,9.13,2,"1,550,781","133,605","The self-proclaimed mad scientist Rintarou Okabe rents out a room in a rickety old building in Akihabara, where he indulges himself in his hobby of inventing prospective ""future gadgets"" with fellow lab members: Mayuri Shiina, his air-headed childhood friend, and Hashida Itaru, a perverted hacker nicknamed ""Daru."" The three pass the time by tinkering with their most promising contraption yet, a machine dubbed the ""Phone Microwave,"" which performs the strange function of morphing bananas into piles of green gel.Though miraculous in itself, the phenomenon doesn't provide anything concrete in Okabe's search for a scientific breakthrough; that is, until the lab members are spurred into action by a string of mysterious happenings before stumbling upon an unexpected success—the Phone Microwave can send emails to the past, altering the flow of history.Adapted from the critically acclaimed visual novel by 5pb. and Nitroplus, <i>Steins;Gate</i> takes Okabe through the depths of scientific theory and practicality. Forced across the diverging threads of past and present, Okabe must shoulder the burdens that come with holding the key to the realm of time.[Written by MAL Rewrite]"
2,Hunter x Hunter (2011),TV,148,Finished Airing,"Oct 2, 2011","Sep 24, 2014",Fall,Sundays at 10:55 (JST),"VAP,Nippon Television Network,Shueisha,Viz Media",Viz Media,Madhouse,Manga,"Action,Adventure,Fantasy,Shounen,Super Power",23 min. per ep.,PG-13 - Teens 13 or older,9.12,3,"1,332,095","119,628","<i>Hunter x Hunter</i> is set in a world where Hunters exist to perform all manner of dangerous tasks like capturing criminals and bravely searching for lost treasures in uncharted territories. Twelve-year-old Gon Freecss is determined to become the best Hunter possible in hopes of finding his father, who was a Hunter himself and had long ago abandoned his young son. However, Gon soon realizes the path to achieving his goals is far more challenging than he could have ever imagined.Along the way to becoming an official Hunter, Gon befriends the lively doctor-in-training Leorio, vengeful Kurapika, and rebellious ex-assassin Killua. To attain their own goals and desires, together the four of them take the Hunter Exam, notorious for its low success rate and high probability of death. Throughout their journey, Gon and his friends embark on an adventure that puts them through many hardships and struggles. They will meet a plethora of monsters, creatures, and characters—all while learning what being a Hunter truly means.[Written by MAL Rewrite]"
3,Ginga Eiyuu Densetsu,OVA,110,Finished Airing,"Jan 8, 1988","Mar 17, 1997",-,-,"Kitty Films,K-Factory,Sentai Filmworks,Artland",Sentai Filmworks,Magic Bus,Novel,"Military,Sci-Fi,Space,Drama",26 min. per ep.,R - 17+ (violence & profanity),9.11,4,"201,671","12,576","The 150-year-long stalemate between the two interstellar superpowers, the Galactic Empire and the Free Planets Alliance, comes to an end when a new generation of leaders arises: the idealistic military genius Reinhard von Lohengramm, and the FPA's reserved historian, Yang Wenli.While Reinhard climbs the ranks of the Empire with the aid of his childhood friend, Siegfried Kircheis, he must fight not only the war, but also the remnants of the crumbling Goldenbaum Dynasty in order to free his sister from the Kaiser and unify humanity under one genuine ruler. Meanwhile, on the other side of the galaxy, Yang—a strong supporter of democratic ideals—has to stand firm in his beliefs, despite the struggles of the FPA, and show his pupil, Julian Mintz, that autocracy is not the solution.As ideologies clash amidst the war's many casualties, the two strategic masterminds must ask themselves what the real reason behind their battle is.[Written by MAL Rewrite]"
4,Gintama°,TV,51,Finished Airing,"Apr 8, 2015","Mar 30, 2016",Spring,Wednesdays at 18:00 (JST),"TV Tokyo,Aniplex,Dentsu,Funimation,Crunchyroll",Funimation,Bandai Namco Pictures,Manga,"Action,Comedy,Historical,Parody,Samurai,Sci-Fi,Shounen",24 min. per ep.,PG-13 - Teens 13 or older,9.11,5,"340,049","9,359","Gintoki, Shinpachi, and Kagura return as the fun-loving but broke members of the Yorozuya team! Living in an alternate-reality Edo, where swords are prohibited and alien overlords have conquered Japan, they try to thrive on doing whatever work they can get their hands on. However, Shinpachi and Kagura still haven't been paid... Does Gin-chan really spend all that cash playing pachinko?Meanwhile, when Gintoki drunkenly staggers home one night, an alien spaceship crashes nearby. A fatally injured crew member emerges from the ship and gives Gintoki a strange, clock-shaped device, warning him that it is incredibly powerful and must be safeguarded. Mistaking it for his alarm clock, Gintoki proceeds to smash the device the next morning and suddenly discovers that the world outside his apartment has come to a standstill. With Kagura and Shinpachi at his side, he sets off to get the device fixed; though, as usual, nothing is ever that simple for the Yorozuya team.Filled with tongue-in-cheek humor and moments of heartfelt emotion, <i>Gintama</i>'s fourth season finds Gintoki and his friends facing both their most hilarious misadventures and most dangerous crises yet.[Written by MAL Rewrite]"
5,Gintama',TV,51,Finished Airing,"Apr 4, 2011","Mar 26, 2012",Spring,Mondays at 18:00 (JST),"TV Tokyo,Aniplex,Dentsu,Trinity Sound,Miracle Robo,Studio Jack,Shueisha",add some,Sunrise,Manga,"Action,Sci-Fi,Comedy,Historical,Parody,Samurai,Shounen",24 min. per ep.,PG-13 - Teens 13 or older,9.09,6,"319,998","5,720","After a one-year hiatus, Shinpachi Shimura returns to Edo, only to stumble upon a shocking surprise: Gintoki and Kagura, his fellow Yorozuya members, have become completely different characters! Fleeing from the Yorozuya headquarters in confusion, Shinpachi finds that all the denizens of Edo have undergone impossibly extreme changes, in both appearance and personality. Most unbelievably, his sister Otae has married the Shinsengumi chief and shameless stalker Isao Kondou and is pregnant with their first child.Bewildered, Shinpachi agrees to join the Shinsengumi at Otae and Kondou's request and finds even more startling transformations afoot both in and out of the ranks of the the organization. However, discovering that Vice Chief Toushirou Hijikata has remained unchanged, Shinpachi and his unlikely Shinsengumi ally set out to return the city of Edo to how they remember it.With even more dirty jokes, tongue-in-cheek parodies, and shameless references, <i>Gintama'</i> follows the Yorozuya team through more of their misadventures in the vibrant, alien-filled world of Edo.[Written by MAL Rewrite]<br/>
"
6,Shingeki no Kyojin Season 3 Part 2,TV,10,Finished Airing,"Apr 29, 2019","Jul 1, 2019",Spring,Mondays at 00:10 (JST),"Production I.G,Dentsu,Mainichi Broadcasting System,Pony Canyon,Kodansha,Techno Sound,Pony Canyon Enterprise,Funimation",Funimation,Wit Studio,Manga,"Action,Military,Mystery,Super Power,Drama,Fantasy,Shounen",23 min. per ep.,R - 17+ (violence & profanity),9.07,7,"706,358","24,194","Seeking to restore humanity’s diminishing hope, the Survey Corps embark on a mission to retake Wall Maria, where the battle against the merciless ""Titans"" takes the stage once again. Returning to the tattered Shiganshina District that was once his home, Eren Yeager and the Corps find the town oddly unoccupied by Titans. Even after the outer gate is plugged, they strangely encounter no opposition. The mission progresses smoothly until Armin Arlert, highly suspicious of the enemy's absence, discovers distressing signs of a potential scheme against them. <br/>
<br/>
<i>Shingeki no Kyojin Season 3 Part 2</i> follows Eren as he vows to take back everything that was once his. Alongside him, the Survey Corps strive—through countless sacrifices—to carve a path towards victory and uncover the secrets locked away in the Yeager family's basement.[Written by MAL Rewrite]"
7,Gintama': Enchousen,TV,13,Finished Airing,"Oct 4, 2012","Mar 28, 2013",Fall,Thursdays at 18:00 (JST),"TV Tokyo,Aniplex,Dentsu,Shueisha,Miracle Bus",add some,Sunrise,Manga,"Action,Comedy,Historical,Parody,Samurai,Sci-Fi,Shounen",24 min. per ep.,PG-13 - Teens 13 or older,9.04,8,"193,576","2,120","While Gintoki Sakata was away, the Yorozuya found themselves a new leader: Kintoki, Gintoki's golden-haired doppelganger. In order to regain his former position, Gintoki will need the help of those around him, a troubling feat when no one can remember him! Between Kintoki and Gintoki, who will claim the throne as the main character?In addition, Yorozuya make a trip back down to red-light district of Yoshiwara to aid an elderly courtesan in her search for her long-lost lover. Although the district is no longer in chains beneath the earth's surface, the trio soon learn of the tragic backstories of Yoshiwara's inhabitants that still haunt them. With flashback after flashback, this quest has Yorozuya witnessing everlasting love and protecting it as best they can with their hearts and souls.<br/>
<br/>
<i>Gintama': Enchousen</i> includes moments of action-packed intensity along with their usual lighthearted, slapstick humor for Gintoki and his friends.[Written by MAL Rewrite]"
8,3-gatsu no Lion 2nd Season,TV,22,Finished Airing,"Oct 14, 2017","Mar 31, 2018",Fall,Saturdays at 23:00 (JST),"Aniplex,Dentsu,NHK,Hakusensha,Asmik Ace,Toy's Factory,Aniplex of America",Aniplex of America,Shaft,Manga,"Drama,Game,Seinen,Slice of Life",25 min. per ep.,PG-13 - Teens 13 or older,9.02,9,"219,365","8,924","Now in his second year of high school, Rei Kiriyama continues pushing through his struggles in the professional shogi world as well as his personal life. Surrounded by vibrant personalities at the shogi hall, the school club, and in the local community, his solitary shell slowly begins to crack. Among them are the three Kawamoto sisters—Akari, Hinata, and Momo—who forge an affectionate and familial bond with Rei. Through these ties, he realizes that everyone is burdened by their own emotional hardships and begins learning how to rely on others while supporting them in return. Nonetheless, the life of a professional is not easy. Between tournaments, championships, and title matches, the pressure mounts as Rei advances through the ranks and encounters incredibly skilled opponents. As he manages his relationships with those who have grown close to him, the shogi player continues to search for the reason he plays the game that defines his career.[Written by MAL Rewrite]"
9,Kimi no Na wa.,Movie,1,Finished Airing,"Aug 26, 2016",-,-,-,"Toho,Sound Team Don Juan,Amuse,East Japan Marketing &amp; Communications,Kadokawa,voque ting,Funimation,NYAV Post",Funimation,CoMix Wave Films,Original,"Romance,Supernatural,School,Drama",1 hr. 46 min.,PG-13 - Teens 13 or older,9.02,10,"1,421,527","62,239","Mitsuha Miyamizu, a high school girl, yearns to live the life of a boy in the bustling city of Tokyo—a dream that stands in stark contrast to her present life in the countryside. Meanwhile in the city, Taki Tachibana lives a busy life as a high school student while juggling his part-time job and hopes for a future in architecture.One day, Mitsuha awakens in a room that is not her own and suddenly finds herself living the dream life in Tokyo—but in Taki's body! Elsewhere, Taki finds himself living Mitsuha's life in the humble countryside. In pursuit of an answer to this strange phenomenon, they begin to search for one another.<br/>
<br/>
<i>Kimi no Na wa.</i> revolves around Mitsuha and Taki's actions, which begin to have a dramatic impact on each other's lives, weaving them into a fabric held together by fate and circumstance.[Written by MAL Rewrite]"
10,Koe no Katachi,Movie,1,Finished Airing,"Sep 17, 2016",-,-,-,"Shochiku,Pony Canyon,Kodansha,ABC Animation,Quaras,Eleven Arts,NYAV Post",Eleven Arts,Kyoto Animation,Manga,"Drama,School,Shounen",2 hr. 10 min.,PG-13 - Teens 13 or older,9.01,11,"1,092,301","50,111","As a wild youth, elementary school student Shouya Ishida sought to beat boredom in the cruelest ways. When the deaf Shouko Nishimiya transfers into his class, Shouya and the rest of his class thoughtlessly bully her for fun. However, when her mother notifies the school, he is singled out and blamed for everything done to her. With Shouko transferring out of the school, Shouya is left at the mercy of his classmates. He is heartlessly ostracized all throughout elementary and middle school, while teachers turn a blind eye.Now in his third year of high school, Shouya is still plagued by his wrongdoings as a young boy. Sincerely regretting his past actions, he sets out on a journey of redemption: to meet Shouko once more and make amends.<br/>
<br/>
<i>Koe no Katachi</i> tells the heartwarming tale of Shouya's reunion with Shouko and his honest attempts to redeem himself, all while being continually haunted by the shadows of his past.[Written by MAL Rewrite]"
11,Gintama.,TV,12,Finished Airing,"Jan 9, 2017","Mar 27, 2017",Winter,Mondays at 01:35 (JST),"TV Tokyo,Aniplex,Dentsu,Shueisha",add some,Bandai Namco Pictures,Manga,"Action,Comedy,Historical,Parody,Samurai,Sci-Fi,Shounen",24 min. per ep.,PG-13 - Teens 13 or older,8.98,12,"169,376","1,899","After joining the resistance against the bakufu, Gintoki and the gang are in hiding, along with Katsura and his Joui rebels. The Yorozuya is soon approached by Nobume Imai and two members of the Kiheitai, who explain that the Harusame pirates have turned against 7th Division Captain Kamui and their former ally Takasugi. The Kiheitai present Gintoki with a job: find Takasugi, who has been missing since his ship was ambushed in a Harusame raid. Nobume also makes a stunning revelation regarding the Tendoushuu, a secret organization pulling the strings of numerous factions, and their leader Utsuro, the shadowy figure with an uncanny resemblance to Gintoki's former teacher.Hitching a ride on Sakamoto's space ship, the Yorozuya and Katsura set out for Rakuyou, Kagura's home planet, where the various factions have gathered and tensions are brewing. Long-held grudges, political infighting, and the Tendoushuu's sinister overarching plan finally culminate into a massive, decisive battle on Rakuyou.[Written by MAL Rewrite]"
12,Clannad: After Story,TV,24,Finished Airing,"Oct 3, 2008","Mar 27, 2009",Fall,Fridays at 01:59 (JST),"Pony Canyon,TBS,Rakuonsha,Animation Do,Sentai Filmworks",Sentai Filmworks,Kyoto Animation,Visual novel,"Slice of Life,Comedy,Supernatural,Drama,Romance",24 min. per ep.,PG-13 - Teens 13 or older,8.97,13,"826,278","57,876","<i>Clannad: After Story</i>, the sequel to the critically acclaimed slice-of-life series <i>Clannad</i>, begins after Tomoya Okazaki and Nagisa Furukawa graduate from high school. Together, they experience the emotional rollercoaster of growing up. Unable to decide on a course for his future, Tomoya learns the value of a strong work ethic and discovers the strength of Nagisa's support. Through the couple's dedication and unity of purpose, they push forward to confront their personal problems, deepen their old relationships, and create new bonds.Time also moves on in the Illusionary World. As the plains grow cold with the approach of winter, the Illusionary Girl and the Garbage Doll are presented with a difficult situation that reveals the World's true purpose.Based on the visual novel by Key and produced by Kyoto Animation, <i>Clannad: After Story</i> is an impactful drama highlighting the importance of family and the struggles of adulthood.[Written by MAL Rewrite]"
13,Gintama,TV,201,Finished Airing,"Apr 4, 2006","Mar 25, 2010",Spring,Thursdays at 18:00 (JST),"TV Tokyo,Aniplex,Dentsu,Trinity Sound,Audio Highs,Miracle Robo,Shueisha,Sentai Filmworks,Crunchyroll",Sentai Filmworks,Sunrise,Manga,"Action,Comedy,Historical,Parody,Samurai,Sci-Fi,Shounen",24 min. per ep.,PG-13 - Teens 13 or older,8.97,14,"664,248","43,488","The Amanto, aliens from outer space, have invaded Earth and taken over feudal Japan. As a result, a prohibition on swords has been established, and the samurai of Japan are treated with disregard as a consequence.However one man, Gintoki Sakata, still possesses the heart of the samurai, although from his love of sweets and work as a yorozuya, one might not expect it. Accompanying him in his jack-of-all-trades line of work are Shinpachi Shimura, a boy with glasses and a strong heart, Kagura with her umbrella and seemingly bottomless stomach, as well as Sadaharu, their oversized pet dog. Of course, these odd jobs are not always simple, as they frequently have run-ins with the police, ragtag rebels, and assassins, oftentimes leading to humorous but unfortunate consequences.Who said life as an errand boy was easy?[Written by MAL Rewrite]"
14,Gintama Movie 2: Kanketsu-hen - Yorozuya yo Eien Nare,Movie,1,Finished Airing,"Jul 6, 2013",-,-,-,"TV Tokyo,Aniplex,Dentsu,Bandai,Warner Bros. Japan,Shueisha",add some,Sunrise,Manga,"Action,Sci-Fi,Comedy,Historical,Parody,Samurai,Shounen",1 hr. 50 min.,PG-13 - Teens 13 or older,8.97,15,"152,642","1,884","When Gintoki apprehends a movie pirate at a premiere, he checks the camera's footage and finds himself transported to a bleak, post-apocalyptic version of Edo, where a mysterious epidemic called the ""White Plague"" has ravished the world's population. It turns out that the movie pirate wasn't a pirate after all—it was an android time machine, and Gintoki has been hurtled five years into the future! Shinpachi and Kagura, his Yorozuya cohorts, have had a falling out and are now battle-hardened solo vigilantes and he himself has been missing for years, disappearing without a trace after scribbling a strange message in his journal.Setting out in the disguise given to him by the android time machine, Gintoki haphazardly reunites the Yorozuya team to investigate the White Plague, and soon discovers that the key to saving the future lies in the darkness of his own past. Determined to confront a powerful foe, he makes an important discovery—with a ragtag band of friends and allies at his side, he doesn't have to fight alone.[Written by MAL Rewrite]"
15,Owarimonogatari 2nd Season,TV,7,Finished Airing,"Aug 12, 2017","Aug 13, 2017",Summer,Not scheduled once per week,"Aniplex,Kodansha,Aniplex of America",Aniplex of America,Shaft,Light novel,"Mystery,Comedy,Supernatural,Vampire",22 min. per ep.,R - 17+ (violence & profanity),8.93,16,"233,379","5,055","Following an encounter with oddity specialist Izuko Gaen, third-year high school student Koyomi Araragi wakes up in a strange, deserted void only to be greeted by a joyfully familiar face in an alarmingly unfamiliar place.  Araragi, with the help of his girlfriend Hitagi Senjougahara, maneuvers through the webs of his past and the perplexities of the present in search of answers. However, fate once again delivers him to the eccentric transfer student Ougi Oshino, who brings forth an unexpected proposal that may unearth the very foundation to which he is anchored. As Araragi peels back the layers of mystery surrounding an apparition, he discovers a truth not meant to be revealed.[Written by MAL Rewrite]"
16,Code Geass: Hangyaku no Lelouch R2,TV,25,Finished Airing,"Apr 6, 2008","Sep 28, 2008",Spring,Sundays at 17:00 (JST),"Bandai Visual,Mainichi Broadcasting System,Bandai,Bandai Namco Entertainment,Hakuhodo DY Media Partners,Funimation,Bandai Entertainment",Funimation,Sunrise,Original,"Action,Military,Sci-Fi,Super Power,Drama,Mecha",24 min. per ep.,R - 17+ (violence & profanity),8.91,17,"1,125,678","58,231","One year has passed since the Black Rebellion, a failed uprising against the Holy Britannian Empire led by the masked vigilante Zero, who is now missing. At a loss without their revolutionary leader, Area 11's resistance group—the Black Knights—find themselves too powerless to combat the brutality inflicted upon the Elevens by Britannia, which has increased significantly in order to crush any hope of a future revolt. Lelouch Lamperouge, having lost all memory of his double life, is living peacefully alongside his friends as a high school student at Ashford Academy. His former partner C.C., unable to accept this turn of events, takes it upon herself to remind him of his past purpose, hoping that the mastermind Zero will rise once again to finish what he started, in this thrilling conclusion to the series.[Written by MAL Rewrite]<br/>
"
17,Haikyuu!!: Karasuno Koukou vs. Shiratorizawa Gakuen Koukou,TV,10,Finished Airing,"Oct 8, 2016","Dec 10, 2016",Fall,Saturdays at 01:55 (JST),"TOHO animation,Shueisha,Sentai Filmworks",Sentai Filmworks,Production I.G,Manga,"Comedy,Sports,Drama,School,Shounen",24 min. per ep.,PG-13 - Teens 13 or older,8.91,18,"550,537","10,118","After the victory against Aoba Jousai High, Karasuno High School, once called “a fallen powerhouse, a crow that can’t fly,” has finally reached the climax of the heated Spring tournament. Now, to advance to nationals, the Karasuno team has to defeat the powerhouse Shiratorizawa Academy. Karasuno’s greatest hurdle is their adversary’s ace, Wakatoshi Ushijima, the number one player in the Miyagi Prefecture, and one of the country’s top three aces.Only the strongest team will make it to the national tournament. Since this match is the third-year players’ last chance to qualify for nationals, Karasuno has to use everything they learned during the training camp and prior matches to attain victory. Filled with restlessness and excitement, both teams are determined to come out on top in the third season of <i>Haikyuu!!</i>.[Written by MAL Rewrite] "
18,Mob Psycho 100 II,TV,13,Finished Airing,"Jan 7, 2019","Apr 1, 2019",Winter,Mondays at 23:00 (JST),"Warner Bros. Japan,KlockWorx,BS Fuji,Hakuhodo DY Music &amp; Pictures,Shogakukan,Funimation",Funimation,Bones,Web manga,"Action,Slice of Life,Comedy,Supernatural",24 min. per ep.,PG-13 - Teens 13 or older,8.87,19,"642,669","15,913","Shigeo ""Mob"" Kageyama is now maturing and understanding his role as a supernatural psychic that has the power to drastically affect the livelihood of others. He and his mentor Reigen Arataka continue to deal with supernatural requests from clients, whether it be exorcizing evil spirits or tackling urban legends that haunt the citizens.While the workflow remains the same, Mob isn't just blindly following Reigen around anymore. With all his experiences as a ridiculously strong psychic, Mob's supernatural adventures now have more weight to them. Things take on a serious and darker tone as the dangers Mob and Reigen face are much more tangible and unsettling than ever before.[Written by MAL Rewrite]"
19,Kaguya-sama wa Kokurasetai?: Tensai-tachi no Renai Zunousen,TV,12,Finished Airing,"Apr 11, 2020","Jun 27, 2020",Spring,Saturdays at 23:30 (JST),"Aniplex,Mainichi Broadcasting System,Shueisha,East Japan Marketing &amp; Communications,Aniplex of America",Aniplex of America,A-1 Pictures,Manga,"Comedy,Psychological,Romance,School,Seinen",24 min. per ep.,PG-13 - Teens 13 or older,8.85,20,"418,383","9,693","After a slow but eventful summer vacation, Shuchiin Academy's second term is now starting in full force. As August transitions into September, Miyuki Shirogane's birthday looms ever closer, leaving Kaguya Shinomiya in a serious predicament as to how to celebrate it. Furthermore, the tenure of the school's 67th student council is coming to an end. Due to the council members being in different classes, the only time Kaguya and Miyuki have to be together will soon disappear, putting all of their cunning plans at risk.A long and difficult election that will decide the fate of the new student council awaits, as multiple challengers fight for the coveted title of president.[Written by MAL Rewrite]<br/>
"
20,Sen to Chihiro no Kamikakushi,Movie,1,Finished Airing,"Jul 20, 2001",-,-,-,"Toho,Walt Disney Studios,GKIDS",Walt Disney Studios,Studio Ghibli,Original,"Adventure,Supernatural,Drama",2 hr. 5 min.,PG - Children,8.85,21,"1,079,686","22,785","Stubborn, spoiled, and naïve, 10-year-old Chihiro Ogino is less than pleased when she and her parents discover an abandoned amusement park on the way to their new house. Cautiously venturing inside, she realizes that there is more to this place than meets the eye, as strange things begin to happen once dusk falls. Ghostly apparitions and food that turns her parents into pigs are just the start—Chihiro has unwittingly crossed over into the spirit world. Now trapped, she must summon the courage to live and work amongst spirits, with the help of the enigmatic Haku and the cast of unique characters she meets along the way.Vivid and intriguing, <i>Sen to Chihiro no Kamikakushi</i> tells the story of Chihiro's journey through an unfamiliar world as she strives to save her parents and return home.[Written by MAL Rewrite]"
21,Gintama.: Shirogane no Tamashii-hen - Kouhan-sen,TV,14,Finished Airing,"Jul 9, 2018","Oct 8, 2018",Summer,Mondays at 01:35 (JST),"TV Tokyo,Aniplex,Dentsu,Shueisha",add some,Bandai Namco Pictures,Manga,"Action,Comedy,Historical,Parody,Samurai,Sci-Fi,Shounen",24 min. per ep.,PG-13 - Teens 13 or older,8.84,22,"90,532",637,Second Season of the final arc of <i>Gintama</i>.
22,Kizumonogatari III: Reiketsu-hen,Movie,1,Finished Airing,"Jan 6, 2017",-,-,-,"Aniplex,Kodansha",add some,Shaft,Light novel,"Action,Mystery,Supernatural,Vampire",1 hr. 23 min.,R - 17+ (violence & profanity),8.82,23,"264,995","3,883","After helping revive the legendary vampire Kiss-shot Acerola-orion Heart-under-blade, Koyomi Araragi has become a vampire himself and her servant. Kiss-shot is certain she can turn him back into a human, but only once regaining her full power. Araragi has hunted down the three vampire hunters that defeated Kiss-shot and retrieved her limbs to return her to full strength. However, now that Araragi has almost accomplished what he’s been fighting for this whole time, he has to consider if this is what he really wants. Once he revives this powerful immortal vampire, there is no telling what she might do, and there would be no way of stopping her.But there is more to the story that Araragi doesn’t understand. If a newborn vampire like him could defeat the hunters, how did they overpower Kiss-shot? Can he trust her to turn him back to a human? And how is that even possible in the first place?Araragi is at his limit but he must come to a decision, and it may not be possible to resolve this situation without doing something he’ll regret…[Written by MAL Rewrite]"
23,Shouwa Genroku Rakugo Shinjuu: Sukeroku Futatabi-hen,TV,12,Finished Airing,"Jan 7, 2017","Mar 25, 2017",Winter,Saturdays at 02:25 (JST),"Mainichi Broadcasting System,Kodansha,DAX Production,King Records",add some,Studio Deen,Manga,"Drama,Historical,Josei",24 min. per ep.,PG-13 - Teens 13 or older,8.80,24,"124,433","2,340","Even after having risen to the utmost rank of shun'ichi, Yotaro struggles to find his own identity in the world of rakugo. Caught between his master's teachings and the late Sukeroku's unique style, his performance lacks an important ingredient—ego. And while his popularity packs the theaters, he is but one of the few; rakugo is under threat of being eclipsed.Meanwhile Yakumo, regarded by many as the last bastion of preserving the popularity of rakugo, struggles to cope with his elderly state. Even though his performances are still stellar, he fears that he is nearing his limits. His doubts grow stronger as an old friend creeps ever closer. Konatsu, for her part, attempts to raise her son as a single mother, which Yotaro is heavily opposed to. Instead, he seeks to persuade her to marry him and in turn raise her son as his own.In <i>Shouwa Genroku Rakugo Shinjuu: Sukeroku Futatabi-hen</i>, the curtains fall on Yotaro and Yakumo's story, tasked with restoring the near-obsolete art form as well as overcoming their internal conflicts.[Written by MAL Rewrite]"
24,Shigatsu wa Kimi no Uso,TV,22,Finished Airing,"Oct 10, 2014","Mar 20, 2015",Fall,Fridays at 01:20 (JST),"Aniplex,Dentsu,Kodansha,Fuji TV,Kyoraku Industrial Holdings,Aniplex of America",Aniplex of America,A-1 Pictures,Manga,"Drama,Music,Romance,School,Shounen",22 min. per ep.,PG-13 - Teens 13 or older,8.79,25,"1,206,037","61,276","Music accompanies the path of the human metronome, the prodigious pianist Kousei Arima. But after the passing of his mother, Saki Arima, Kousei falls into a downward spiral, rendering him unable to hear the sound of his own piano.Two years later, Kousei still avoids the piano, leaving behind his admirers and rivals, and lives a colorless life alongside his friends Tsubaki Sawabe and Ryouta Watari. However, everything changes when he meets a beautiful violinist, Kaori Miyazono, who stirs up his world and sets him on a journey to face music again.Based on the manga series of the same name, <i>Shigatsu wa Kimi no Uso</i> approaches the story of Kousei's recovery as he discovers that music is more than playing each note perfectly, and a single melody can bring in the fresh spring air of April.[Written by MAL Rewrite]"
25,Cowboy Bebop,TV,26,Finished Airing,"Apr 3, 1998","Apr 24, 1999",Spring,Saturdays at 01:00 (JST),"Bandai Visual,Funimation,Bandai Entertainment",Funimation,Sunrise,Original,"Action,Adventure,Comedy,Drama,Sci-Fi,Space",24 min. per ep.,R - 17+ (violence & profanity),8.79,26,"1,082,216","55,249","In the year 2071, humanity has colonized several of the planets and moons of the solar system leaving the now uninhabitable surface of planet Earth behind. The Inter Solar System Police attempts to keep peace in the galaxy, aided in part by outlaw bounty hunters, referred to as ""Cowboys."" The ragtag team aboard the spaceship Bebop are two such individuals.Mellow and carefree Spike Spiegel is balanced by his boisterous, pragmatic partner Jet Black as the pair makes a living chasing bounties and collecting rewards. Thrown off course by the addition of new members that they meet in their travels—Ein, a genetically engineered, highly intelligent Welsh Corgi; femme fatale Faye Valentine, an enigmatic trickster with memory loss; and the strange computer whiz kid Edward Wong—the crew embarks on thrilling adventures that unravel each member's dark and mysterious past little by little.Well-balanced with high density action and light-hearted comedy, <i>Cowboy Bebop</i> is a space Western classic and an homage to the smooth and improvised music it is named after.[Written by MAL Rewrite]"
26,Gintama.: Shirogane no Tamashii-hen,TV,12,Finished Airing,"Jan 8, 2018","Mar 26, 2018",Winter,Mondays at 01:35 (JST),"TV Tokyo,Aniplex,Dentsu,Shueisha",add some,Bandai Namco Pictures,Manga,"Action,Sci-Fi,Comedy,Historical,Parody,Samurai,Shounen",24 min. per ep.,PG-13 - Teens 13 or older,8.79,27,"104,000",774,First Season of the final arc of <i>Gintama</i>.
27,Haikyuu!! Second Season,TV,25,Finished Airing,"Oct 4, 2015","Mar 27, 2016",Fall,Sundays at 02:58 (JST),"TOHO animation,Shueisha,Sentai Filmworks",Sentai Filmworks,Production I.G,Manga,"Comedy,Sports,Drama,School,Shounen",24 min. per ep.,PG-13 - Teens 13 or older,8.79,28,"666,051","11,581","Following their participation at the Inter-High, the Karasuno High School volleyball team attempts to refocus their efforts, aiming to conquer the Spring tournament instead. When they receive an invitation from long-standing rival Nekoma High, Karasuno agrees to take part in a large training camp alongside many notable volleyball teams in Tokyo and even some national level players. By playing with some of the toughest teams in Japan, they hope not only to sharpen their skills, but also come up with new attacks that would strengthen them. Moreover, Hinata and Kageyama attempt to devise a more powerful weapon, one that could possibly break the sturdiest of blocks. Facing what may be their last chance at victory before the senior players graduate, the members of Karasuno's volleyball team must learn to settle their differences and train harder than ever if they hope to overcome formidable opponents old and new—including their archrival Aoba Jousai and its world-class setter Tooru Oikawa.[Written by MAL Rewrite]"
28,Made in Abyss,TV,13,Finished Airing,"Jul 7, 2017","Sep 29, 2017",Summer,Fridays at 21:30 (JST),"Media Factory,AT-X,Takeshobo,Sony Music Communications,Kadokawa Media House,Cygames,Kanetsu Investment,Global Solutions,Sentai Filmworks",Sentai Filmworks,Kinema Citrus,Web manga,"Sci-Fi,Adventure,Mystery,Drama,Fantasy",25 min. per ep.,R - 17+ (violence & profanity),8.78,29,"725,626","25,987","The Abyss—a gaping chasm stretching down into the depths of the earth, filled with mysterious creatures and relics from a time long past. How did it come to be? What lies at the bottom? Countless brave individuals, known as Divers, have sought to solve these mysteries of the Abyss, fearlessly descending into its darkest realms. The best and bravest of the Divers, the White Whistles, are hailed as legends by those who remain on the surface.Riko, daughter of the missing White Whistle Lyza the Annihilator, aspires to become like her mother and explore the furthest reaches of the Abyss. However, just a novice Red Whistle herself, she is only permitted to roam its most upper layer. Even so, Riko has a chance encounter with a mysterious robot with the appearance of an ordinary young boy. She comes to name him Reg, and he has no recollection of the events preceding his discovery. Certain that the technology to create Reg must come from deep within the Abyss, the two decide to venture forth into the chasm to recover his memories and see the bottom of the great pit with their own eyes. However, they know not of the harsh reality that is the true existence of the Abyss.[Written by MAL Rewrite]"
29,Monogatari Series: Second Season,TV,26,Finished Airing,"Jul 7, 2013","Dec 29, 2013",Summer,Sundays at 00:00 (JST),"Aniplex,Kodansha,Cyclone Graphics,Aniplex of America",Aniplex of America,Shaft,Light novel,"Mystery,Comedy,Supernatural,Romance,Vampire",24 min. per ep.,R - 17+ (violence & profanity),8.78,30,"454,198","17,375","Apparitions, oddities, and gods continue to manifest around Koyomi Araragi and his close-knit group of friends: Tsubasa Hanekawa, the group's modest genius; Shinobu Oshino, the resident doughnut-loving vampire; athletic deviant Suruga Kanbaru; bite-happy spirit Mayoi Hachikuji; Koyomi's cutesy stalker Nadeko Sengoku; and Hitagi Senjogahara, the poignant tsundere.<br/>
<br/>
<i>Monogatari Series: Second Season</i> revolves around these individuals and their struggle to overcome the darkness that is rapidly approaching. A new semester has begun and with graduation looming over Araragi, he must quickly decide the paths he will walk, as well as the relationships and friends that he'll save. But as strange events begin to unfold, Araragi is nowhere to be found, and a vicious tiger apparition has appeared in his absence. Hanekawa has become its target, and she must fend for herself—or bow to the creature's perspective on the feebleness of humanity.[Written by MAL Rewrite]"
30,Mushishi Zoku Shou 2nd Season,TV,10,Finished Airing,"Oct 19, 2014","Dec 21, 2014",Fall,Sundays at 00:30 (JST),"Aniplex,Kodansha,Delfi Sound,Aniplex of America",Aniplex of America,Artland,Manga,"Adventure,Fantasy,Historical,Mystery,Seinen,Slice of Life,Supernatural",23 min. per ep.,PG-13 - Teens 13 or older,8.78,31,"178,447","1,070","Ghostly, primordial beings known as Mushi continue to cause mysterious changes in the lives of humans. The travelling Mushishi, Ginko, persists in trying to set right the strange and unsettling situations he encounters. Time loops, living shadows, and telepathy are among the overt effects of interference from Mushi, but more subtle symptoms that take years to be noticed also rouse Ginko's concern as he passes from village to village.Through circumstance, Ginko has become an arbiter, determining which Mushi are blessings and which are curses. But the lines that he seeks to draw are subjective. Some of his patients would rather exercise their new powers until they are utterly consumed by them; others desperately strive to rid themselves of afflictions which are in fact protecting their lives from devastation. Those who cross paths with Mushi must learn to accept seemingly impossible consequences for their actions, and heal wounds they did not know they had. Otherwise, they risk meeting with fates beyond their comprehension.[Written by MAL Rewrite]"
31,Hajime no Ippo,TV,75,Finished Airing,"Oct 4, 2000","Mar 27, 2002",Fall,Tuesdays at 00:50 (JST),"VAP,Geneon Entertainment USA",Geneon Entertainment USA,Madhouse,Manga,"Comedy,Sports,Drama,Shounen",23 min. per ep.,PG-13 - Teens 13 or older,8.76,32,"343,538","14,420","Makunouchi Ippo has been bullied his entire life. Constantly running errands and being beaten up by his classmates, Ippo has always dreamed of changing himself, but never has the passion to act upon it. One day, in the midst of yet another bullying, Ippo is saved by Takamura Mamoru, who happens to be a boxer. Ippo faints from his injuries and is brought to the Kamogawa boxing gym to recover. As he regains consciousness, he is awed and amazed at his new surroundings in the gym, though lacks confidence to attempt anything. Takamura places a photo of Ippo's classmate on a punching bag and forces him to punch it. It is only then that Ippo feels something stir inside him and eventually asks Takamura to train him in boxing. Thinking that Ippo does not have what it takes, Takamura gives him a task deemed impossible and gives him a one week time limit. With a sudden desire to get stronger, for himself and his hard working mother, Ippo trains relentlessly to accomplish the task within the time limit. Thus Ippo's journey to the top of the boxing world begins.[Written by MAL Rewrite]"
32,Mononoke Hime,Movie,1,Finished Airing,"Jul 12, 1997",-,-,-,"Tokuma Shoten,Nippon Television Network,GKIDS",GKIDS,Studio Ghibli,Original,"Action,Adventure,Fantasy",2 hr. 15 min.,PG-13 - Teens 13 or older,8.74,33,"767,969","15,415","When an Emishi village is attacked by a fierce demon boar, the young prince Ashitaka puts his life at stake to defend his tribe. With its dying breath, the beast curses the prince's arm, granting him demonic powers while gradually siphoning his life away. Instructed by the village elders to travel westward for a cure, Ashitaka arrives at Tatara, the Iron Town, where he finds himself embroiled in a fierce conflict: Lady Eboshi of Tatara, promoting constant deforestation, stands against Princess San and the sacred spirits of the forest, who are furious at the destruction brought by the humans. As the opposing forces of nature and mankind begin to clash in a desperate struggle for survival, Ashitaka attempts to seek harmony between the two, all the while battling the latent demon inside of him. <i>Princess Mononoke</i> is a tale depicting the connection of technology and nature, while showing the path to harmony that could be achieved by mutual acceptance.[Written by MAL Rewrite]"
33,Rurouni Kenshin: Meiji Kenkaku Romantan - Tsuioku-hen,OVA,4,Finished Airing,"Feb 20, 1999","Sep 22, 1999",-,-,"Aniplex,ADV Films,Aniplex of America",ADV Films,Studio Deen,Manga,"Action,Historical,Drama,Romance,Martial Arts,Samurai,Shounen",30 min. per ep.,R - 17+ (violence & profanity),8.74,34,"215,001","5,779","When mankind's savagery surpasses his fear of death, there is little hope for those who wish to live honest lives. Beneath a full moon, a young boy witnesses the murder of the bandits who had enslaved him, and is then christened with a new name by the man who rescued him. This boy is Shinta, now known as Kenshin Himura, and he is destined to become a swordsman. The softness of his heart does not befit the occupation, but his desire to protect the innocent is absolute.<br/>
<br/>
<i>Rurouni Kenshin: Meiji Kenkaku Romantan - Tsuioku-hen</i> details the origins of the man who would bear the name of Hitokiri Battousai long before he swore his oath not to kill and before he earned his reputation as an assassin. The young man’s heart is divided between justice and corruption, while the fate of a nation rests on his actions.[Written by MAL Rewrite]"
34,Vinland Saga,TV,24,Finished Airing,"Jul 8, 2019","Dec 30, 2019",Summer,Mondays at 00:10 (JST),"Production I.G,Dentsu,Kodansha,Twin Engine",add some,Wit Studio,Manga,"Action,Adventure,Drama,Historical,Seinen",24 min. per ep.,R - 17+ (violence & profanity),8.73,35,"488,241","11,522","Young Thorfinn grew up listening to the stories of old sailors that had traveled the ocean and reached the place of legend, Vinland. It's said to be warm and fertile, a place where there would be no need for fighting—not at all like the frozen village in Iceland where he was born, and certainly not like his current life as a mercenary. War is his home now. Though his father once told him, ""You have no enemies, nobody does. There is nobody who it's okay to hurt,"" as he grew, Thorfinn knew that nothing was further from the truth.The war between England and the Danes grows worse with each passing year. Death has become commonplace, and the viking mercenaries are loving every moment of it. Allying with either side will cause a massive swing in the balance of power, and the vikings are happy to make names for themselves and take any spoils they earn along the way. Among the chaos, Thorfinn must take his revenge and kill Askeladd, the man who murdered his father. The only paradise for the vikings, it seems, is the era of war and death that rages on.[Written by MAL Rewrite]"
35,Code Geass: Hangyaku no Lelouch,TV,25,Finished Airing,"Oct 6, 2006","Jul 29, 2007",Fall,Fridays at 01:25 (JST),"Bandai Visual,Mainichi Broadcasting System,Bandai,Sony Music Entertainment,Bandai Namco Entertainment,Hakuhodo DY Media Partners,Funimation,Bandai Entertainment",Funimation,Sunrise,Original,"Action,Military,Sci-Fi,Super Power,Drama,Mecha,School",24 min. per ep.,R - 17+ (violence & profanity),8.73,36,"1,399,768","82,549","In the year 2010, the Holy Empire of Britannia is establishing itself as a dominant military nation, starting with the conquest of Japan. Renamed to Area 11 after its swift defeat, Japan has seen significant resistance against these tyrants in an attempt to regain independence.Lelouch Lamperouge, a Britannian student, unfortunately finds himself caught in a crossfire between the Britannian and the Area 11 rebel armed forces. He is able to escape, however, thanks to the timely appearance of a mysterious girl named C.C., who bestows upon him Geass, the ""Power of Kings."" Realizing the vast potential of his newfound ""power of absolute obedience,"" Lelouch embarks upon a perilous journey as the masked vigilante known as Zero, leading a merciless onslaught against Britannia in order to get revenge once and for all.[Written by MAL Rewrite]"
36,Monster,TV,74,Finished Airing,"Apr 7, 2004","Sep 28, 2005",Spring,Wednesdays at 00:40 (JST),"VAP,Shogakukan Productions,Nippon Television Network,Viz Media",Viz Media,Madhouse,Manga,"Drama,Horror,Mystery,Police,Psychological,Seinen,Thriller",24 min. per ep.,R+ - Mild Nudity,8.73,37,"528,952","25,200","Dr. Kenzou Tenma, an elite neurosurgeon recently engaged to his hospital director's daughter, is well on his way to ascending the hospital hierarchy. That is until one night, a seemingly small event changes Dr. Tenma's life forever. While preparing to perform surgery on someone, he gets a call from the hospital director telling him to switch patients and instead perform life-saving brain surgery on a famous performer. His fellow doctors, fiancée, and the hospital director applaud his accomplishment; but because of the switch, a poor immigrant worker is dead, causing Dr. Tenma to have a crisis of conscience.So when a similar situation arises, Dr. Tenma stands his ground and chooses to perform surgery on the young boy Johan Liebert instead of the town's mayor. Unfortunately, this choice leads to serious ramifications for Dr. Tenma—losing his social standing being one of them. However, with the mysterious death of the director and two other doctors, Dr. Tenma's position is restored. With no evidence to convict him, he is released and goes on to attain the position of hospital director. Nine years later when Dr. Tenma saves the life of a criminal, his past comes back to haunt him—once again, he comes face to face with the monster he operated on. He must now embark on a quest of pursuit to make amends for the havoc spread by the one he saved.[Written by MAL Rewrite]"
37,Mushishi Zoku Shou,TV,10,Finished Airing,"Apr 5, 2014","Jun 21, 2014",Spring,Saturdays at 00:00 (JST),"Aniplex,Kodansha,Delfi Sound,Aniplex of America",Aniplex of America,Artland,Manga,"Adventure,Slice of Life,Mystery,Historical,Supernatural,Fantasy,Seinen",24 min. per ep.,PG-13 - Teens 13 or older,8.73,38,"206,579","1,257","Perceived as strange and feared by man, over time the misshapen ones came to be known as Mushi. Although they harbor no ill intentions towards humans, many suffer from the side effects of their existence and strange nature; exploiting the Mushi without understanding them, even unintentionally, can lead to disaster and strife for any involved. <i>Mushishi Zoku Shou</i> continues the story of Mushishi Ginko on his journey to help the visible world to coexist with the Mushi.During his travels, Ginko discovers various gifted individuals—those cursed by circumstance and those maintaining a fragile symbiosis with the Mushi—inevitably confronting the question of whether humanity, talented and tortured alike, can manage the responsibility of the unseen. Moreover, as a Mushishi, Ginko must learn more about these strange beings and decide if he has the right to interfere with the complex relationships between Mushi and mankind.[Written by MAL Rewrite]"
38,Made in Abyss Movie 3: Fukaki Tamashii no Reimei,Movie,1,Finished Airing,"Jan 17, 2020",-,-,-,Sentai Filmworks,Sentai Filmworks,Kinema Citrus,Web manga,"Adventure,Drama,Fantasy,Mystery,Sci-Fi",1 hr. 45 min.,R - 17+ (violence & profanity),8.72,39,"148,700",526,"<i>Made in Abyss Movie 3: Fukaki Tamashii no Reimei</i> continues the epic adventure of Riko and Reg who are joined by their new friend Nanachi. Together, they descend into the Abyss' treacherous fifth layer, the Sea of Corpses, and encounter the mysterious Bondrewd, a legendary White Whistle whose shadow looms over Nanachi's troubled past. Bondrewd is ingratiatingly hospitable, but the brave adventurers know things are not always as they seem in the enigmatic Abyss...(Source: Sentai Filmworks, edited)"
39,Kimetsu no Yaiba,TV,26,Finished Airing,"Apr 6, 2019","Sep 28, 2019",Spring,Saturdays at 23:30 (JST),"Aniplex,Shueisha,Aniplex of America",Aniplex of America,ufotable,Manga,"Action,Demons,Historical,Shounen,Supernatural",23 min. per ep.,R - 17+ (violence & profanity),8.71,40,"990,324","35,835","Ever since the death of his father, the burden of supporting the family has fallen upon Tanjirou Kamado's shoulders. Though living impoverished on a remote mountain, the Kamado family are able to enjoy a relatively peaceful and happy life. One day, Tanjirou decides to go down to the local village to make a little money selling charcoal. On his way back, night falls, forcing Tanjirou to take shelter in the house of a strange man, who warns him of the existence of flesh-eating demons that lurk in the woods at night.When he finally arrives back home the next day, he is met with a horrifying sight—his whole family has been slaughtered. Worse still, the sole survivor is his sister Nezuko, who has been turned into a bloodthirsty demon. Consumed by rage and hatred, Tanjirou swears to avenge his family and stay by his only remaining sibling. Alongside the mysterious group calling themselves the Demon Slayer Corps, Tanjirou will do whatever it takes to slay the demons and protect the remnants of his beloved sister's humanity.[Written by MAL Rewrite]"
40,Great Teacher Onizuka,TV,43,Finished Airing,"Jun 30, 1999","Sep 17, 2000",Summer,Wednesdays at 19:30 (JST),"Aniplex,Fuji TV,Discotek Media,Tokyopop",Discotek Media,Studio Pierrot,Manga,"Slice of Life,Comedy,Drama,School,Shounen",25 min. per ep.,R - 17+ (violence & profanity),8.70,41,"521,389","18,928","Twenty-two-year-old Eikichi Onizuka—ex-biker gang leader, conqueror of Shonan, and virgin—has a dream: to become the greatest high school teacher in all of Japan. This isn't because of a passion for teaching, but because he wants a loving teenage wife when he's old and gray. Still, for a perverted, greedy, and lazy delinquent, there is more to Onizuka than meets the eye. So when he lands a job as the homeroom teacher of the Class 3-4 at the prestigious Holy Forest Academy—despite suplexing the Vice Principal—all of his talents are put to the test, as this class is particularly infamous.Due to their utter contempt for all teachers, the class' students use psychological warfare to mentally break any new homeroom teacher they get, forcing them to quit and leave school. However, Onizuka isn't your average teacher, and he's ready for any challenge in his way.Bullying, suicide, and sexual harassment are just a few of the issues his students face daily. By tackling the roots of their problems, Onizuka supports them with his unpredictable and unconventional methods—even if it means jumping off a building to save a suicidal child. Thanks to his eccentric charm and fun-loving nature, Class 3-4 slowly learns just how enjoyable school can be when you're the pupils of the Great Teacher Onizuka.[Written by MAL Rewrite]"
41,Mushishi,TV,26,Finished Airing,"Oct 23, 2005","Jun 19, 2006",Fall,Sundays at 03:40 (JST),"Avex Entertainment,Marvelous,SKY Perfect Well Think,Delfi Sound,Funimation",Funimation,Artland,Manga,"Adventure,Slice of Life,Mystery,Historical,Supernatural,Fantasy,Seinen",25 min. per ep.,PG-13 - Teens 13 or older,8.70,42,"560,689","21,663","""Mushi"": the most basic forms of life in the world. They exist without any goals or purposes aside from simply ""being."" They are beyond the shackles of the words ""good"" and ""evil."" Mushi can exist in countless forms and are capable of mimicking things from the natural world such as plants, diseases, and even phenomena like rainbows.This is, however, just a vague definition of these entities that inhabit the vibrant world of Mushishi, as to even call them a form of life would be an oversimplification. Detailed information on Mushi is scarce because the majority of humans are unaware of their existence.So what are Mushi and why do they exist? This is the question that a ""Mushishi,"" Ginko, ponders constantly. Mushishi are those who research Mushi in hopes of understanding their place in the world's hierarchy of life.Ginko chases rumors of occurrences that could be tied to Mushi, all for the sake of finding an answer.It could, after all, lead to the meaning of life itself.[Written by MAL Rewrite]"
42,Seishun Buta Yarou wa Yumemiru Shoujo no Yume wo Minai,Movie,1,Finished Airing,"Jun 15, 2019",-,-,-,"Aniplex,Tokyo MX,Hakuhodo DY Music &amp; Pictures,Nagoya Broadcasting Network,BS11,ABC Animation,Kadokawa,Aniplex of America",Aniplex of America,CloverWorks,Light novel,"Comedy,Supernatural,Romance,School",1 hr. 30 min.,PG-13 - Teens 13 or older,8.69,43,"234,138","4,061","Six months ago, Sakuta Azusagawa had a chance encounter with a bunny girl in a library. Ever since then, he’s been blissfully happy with his girlfriend: Mai Sakurajima, that same bunny girl. However, the reappearance of his mysterious first crush, the now-adult Shouko Makinohara, adds a new complication to his relationship with Mai. To make matters worse, he then encounters a middle school Shouko in the hospital, suffering from a grave illness. Mysteriously, his old scars begin throbbing whenever he’s near her.With Shouko’s bizarre situation somehow revolving around him, Sakuta will need to come to terms with his own conflicting feelings, for better or worse. With a girl's life in his hands, just what can he do?[Written by MAL Rewrite]"
43,Tengen Toppa Gurren Lagann,TV,27,Finished Airing,"Apr 1, 2007","Sep 30, 2007",Spring,Sundays at 08:30 (JST),"TV Tokyo,Aniplex,Dentsu,Konami,Half H.P Studio,Bandai,ADV Films,Bandai Entertainment,Aniplex of America",ADV Films,Gainax,Original,"Action,Adventure,Comedy,Mecha,Sci-Fi",24 min. per ep.,PG-13 - Teens 13 or older,8.68,44,"1,099,756","63,391","Simon and Kamina were born and raised in a deep, underground village, hidden from the fabled surface. Kamina is a free-spirited loose cannon bent on making a name for himself, while Simon is a timid young boy with no real aspirations. One day while excavating the earth, Simon stumbles upon a mysterious object that turns out to be the ignition key to an ancient artifact of war, which the duo dubs Lagann. Using their new weapon, Simon and Kamina fend off a surprise attack from the surface with the help of Yoko Littner, a hot-blooded redhead wielding a massive gun who wanders the world above.In the aftermath of the battle, the sky is now in plain view, prompting Simon and Kamina to set off on a journey alongside Yoko to explore the wastelands of the surface. Soon, they join the fight against the ""Beastmen,"" humanoid creatures that terrorize the remnants of humanity in powerful robots called ""Gunmen."" Although they face some challenges and setbacks, the trio bravely fights these new enemies alongside other survivors to reclaim the surface, while slowly unraveling a galaxy-sized mystery.[Written by MAL Rewrite]"
44,Hajime no Ippo: New Challenger,TV,26,Finished Airing,"Jan 7, 2009","Jul 1, 2009",Winter,Wednesdays at 01:29 (JST),"VAP,Kodansha,Nippon Television Network",add some,Madhouse,Manga,"Comedy,Sports,Drama,Shounen",23 min. per ep.,PG-13 - Teens 13 or older,8.68,45,"182,988","1,476","Japanese Featherweight Champion Ippo Makunouchi has successfully defended and retained his title. Meanwhile, his rival, Ichirou Miyata, has resurfaced in Japan, aiming for his own Featherweight belt in the Oriental Pacific Boxing Federation. When the rest of the world comes knocking, however, will Japan's best fighters rise to the challenge and achieve glory at the top? Or will the small island nation be crushed under the weight of greater entities? This time, champions will become challengers issuing a call to the rest of the world and ready to show off their fighting spirit![Written by MAL Rewrite]"
45,Howl no Ugoku Shiro,Movie,1,Finished Airing,"Nov 20, 2004",-,-,-,"d-rights,Tokuma Shoten,Walt Disney Studios",Walt Disney Studios,Studio Ghibli,Novel,"Adventure,Drama,Fantasy,Romance",1 hr. 59 min.,G - All Ages,8.68,46,"727,150","14,887","That jumbled piece of architecture, that cacophony of hissing steam and creaking joints, with smoke billowing from it as it moves on its own... That castle is home to the magnificent wizard Howl, infamous for both his magical prowess and for being a womanizer—or so the rumor goes in Sophie Hatter's small town. Sophie, as the plain daughter of a hatmaker, does not expect much from her future and is content with working hard in the shop. However, Sophie's simple life takes a turn for the exciting when she is ensnared in a disturbing situation, and the mysterious wizard appears to rescue her. Unfortunately, this encounter, brief as it may be, spurs the vain and vengeful Witch of the Waste—in a fit of jealousy caused by a past discord with Howl—to put a curse on the maiden, turning her into an old woman.In an endeavor to return to normal, Sophie must accompany Howl and a myriad of eccentric companions—ranging from a powerful fire demon to a hopping scarecrow—in his living castle, on a dangerous adventure as a raging war tears their kingdom apart.[Written by MAL Rewrite]"
46,Natsume Yuujinchou Shi,TV,13,Finished Airing,"Jan 3, 2012","Mar 27, 2012",Winter,Tuesdays at 01:30 (JST),"TV Tokyo,Aniplex,Nihon Ad Systems,Hakusensha,Sony Music Entertainment,NIS America, Inc.","NIS America, Inc.",Brain's Base,Manga,"Slice of Life,Demons,Supernatural,Drama,Shoujo",24 min. per ep.,PG-13 - Teens 13 or older,8.68,47,"177,898","1,690","Takashi Natsume, the timid youkai expert and master of the Book of Friends, continues his journey towards self-understanding and acceptance with the help of friends both new and old. His most important ally is still his gluttonous and sake-loving bodyguard, the arrogant but fiercely protective wolf spirit Madara—or Nyanko-sensei, as Madara is called when in his usual disguise of an unassuming, pudgy cat.Natsume, while briefly separated from Nyanko-sensei, is ambushed and kidnapped by a strange group of masked, monkey-like youkai, who have spirited him away to their forest as they desperately search for the Book of Friends. Realizing that his ""servant"" has been taken out from right under his nose, Nyanko-sensei enlists the help of Natsume's youkai friends and mounts a rescue operation. However, the forest of the monkey spirits holds many dangerous enemies, including the Matoba Clan, Natsume's old nemesis.Stretching from the formidable hideout of the Matoba to Natsume's own childhood home, <i>Natsume Yuujinchou Shi</i> is a sweeping but familiar return to a world of danger and friendship, where Natsume will finally confront the demons of his own past.[Written by MAL Rewrite]"
47,Ookami Kodomo no Ame to Yuki,Movie,1,Finished Airing,"Jul 21, 2012",-,-,-,"Madhouse,VAP,Dentsu,Yomiuri Telecasting,Kadokawa Shoten,Toho,Hiroshima Television,Funimation",Funimation,Studio Chizu,Original,"Fantasy,Slice of Life",1 hr. 57 min.,PG - Children,8.67,48,"548,023","9,514","Hana, a hard-working college student, falls in love with a mysterious man who attends one of her classes though he is not an actual student. As it turns out, he is not truly human either. On a full moon night, he transforms, revealing that he is the last werewolf alive. Despite this, Hana's love remains strong, and the two ultimately decide to start a family.Hana gives birth to two healthy children—Ame, born during rainfall, and Yuki, born during snowfall—both possessing the ability to turn into wolves, a trait inherited from their father. All too soon, however, the sudden death of her lover devastates Hana's life, leaving her to raise a peculiar family completely on her own. The stress of raising her wild-natured children in a densely populated city, all while keeping their identity a secret, culminates in a decision to move to the countryside, where she hopes Ame and Yuki can live a life free from the judgments of society. <i>Wolf Children</i> is the heartwarming story about the challenges of being a single mother in an unforgiving modern world.[Written by MAL Rewrite]"
48,Suzumiya Haruhi no Shoushitsu,Movie,1,Finished Airing,"Feb 6, 2010",-,-,-,"Kadokawa Shoten,Animation Do,Funimation,Bandai Entertainment",Funimation,Kyoto Animation,Light novel,"Comedy,Mystery,Romance,School,Sci-Fi,Supernatural",2 hr. 42 min.,PG-13 - Teens 13 or older,8.67,49,"446,854","10,748","One cold Christmas day, Kyon heads over to school and the SOS Brigade's holiday celebration, only to realize that Haruhi Suzumiya seems to have disappeared. Moreover, no one even remembers her or the SOS Brigade; Mikuru Asahina knows nothing and is now afraid of him, and Itsuki Koizumi has also gone missing. The Literature Club, formed only by an uncharacteristically shy Yuki Nagato, now occupies the old SOS club room.<br/>
<br/>
<i>Suzumiya Haruhi no Shoushitsu</i> is based on the fourth light novel of the acclaimed Haruhi series and is set after the events of the anime series. Not uncultured in the supernatural, Kyon will have to deal with his whole life turned upside down like a bad joke, and maybe it's better that way.[Written by MAL Rewrite]"
49,Yakusoku no Neverland,TV,12,Finished Airing,"Jan 10, 2019","Mar 29, 2019",Winter,Fridays at 00:55 (JST),"Aniplex,Dentsu,A-1 Pictures,Fuji TV,Shueisha,CA-Cygames Anime Fund,Aniplex of America",Aniplex of America,CloverWorks,Manga,"Sci-Fi,Mystery,Horror,Psychological,Thriller,Shounen",22 min. per ep.,R - 17+ (violence & profanity),8.66,50,"759,178","20,381","Surrounded by a forest and a gated entrance, the Grace Field House is inhabited by orphans happily living together as one big family, looked after by their ""Mama,"" Isabella. Although they are required to take tests daily, the children are free to spend their time as they see fit, usually playing outside, as long as they do not venture too far from the orphanage—a rule they are expected to follow no matter what. However, all good times must come to an end, as every few months, a child is adopted and sent to live with their new family... never to be heard from again.However, the three oldest siblings have their suspicions about what is actually happening at the orphanage, and they are about to discover the cruel fate that awaits the children living at Grace Field, including the twisted nature of their beloved Mama.[Written by MAL Rewrite]"
